{
  "title": "非排除残基数のパリティ振動解析",
  "data": {
    "oscillation_model": {
      "C": 0.169539,
      "alpha": 1.79929958,
      "epsilon": 0.014647,
      "density_decay": 0.89964979
    },
    "summary": {
      "key_numbers": {
        "3": 2,
        "4": 2,
        "5": 4,
        "6": 8,
        "7": 10,
        "8": 19,
        "9": 31,
        "10": 64,
        "11": 114,
        "12": 182,
        "13": 367,
        "14": 652,
        "15": 1056,
        "16": 2114
      },
      "density": {
        "3": 0.5,
        "4": 0.25,
        "5": 0.25,
        "6": 0.25,
        "7": 0.15625,
        "8": 0.1484375,
        "9": 0.12109375,
        "10": 0.125,
        "11": 0.111328125,
        "12": 0.0888671875,
        "13": 0.089599609375,
        "14": 0.07958984375,
        "15": 0.064453125,
        "16": 0.06451416015625
      }
    }
  }
}