{
  "title": "軌道不変測度のmod 2^k表現: Tao ergodic approachとの接続",
  "approach": "コラッツ軌道上のmod 2^k頻度分布mu_k(r)を大規模計算し、Syracuse遷移行列定常分布、終端効果(sink除外)、truncation、対数重み測度と比較。Taoのmixing理論との接続を定量化。",
  "mod32_orbit_measure_ratios": {
    "1": 1.2834,
    "3": 0.9301,
    "5": 1.4382,
    "7": 1.074,
    "9": 0.9349,
    "11": 0.9607,
    "13": 0.7974,
    "15": 1.062,
    "17": 1.1388,
    "19": 0.7491,
    "21": 0.7424,
    "23": 1.0744,
    "25": 0.7607,
    "27": 1.0551,
    "29": 1.1288,
    "31": 0.87
  },
  "v2_distribution_ratios": {
    "k=5,v2=1": 0.9719,
    "k=5,v2=2": 1.0295,
    "k=5,v2=3": 0.9631,
    "k=5,v2=4": 1.4382,
    "k=6,v2=1": 0.9719,
    "k=6,v2=2": 1.0295,
    "k=6,v2=3": 0.9631,
    "k=6,v2=4": 1.4382,
    "k=6,v2=5": 0.9004,
    "k=6,v2=6": 1.1688,
    "k=7,v2=1": 0.9719,
    "k=7,v2=2": 1.0295,
    "k=7,v2=3": 0.9631,
    "k=7,v2=4": 1.4382,
    "k=7,v2=5": 0.9004,
    "k=7,v2=6": 0.6154
  },
  "nonuniformity_scaling": {
    "2": 0.027101,
    "3": 0.046163,
    "4": 0.117107,
    "5": 0.190601,
    "6": 0.352706,
    "7": 0.470377,
    "8": 0.762447
  },
  "key_numbers": {
    "v2_4_ratio_full": 1.4514,
    "v2_4_ratio_excl1": 1.4958,
    "v2_4_ratio_excl15": 1.0663,
    "v2_4_ratio_log_weighted": 2.1402
  }
}