{
  "title": "Record holder n density analysis for D(N)",
  "N_max": 10000000,
  "D_N": 53,
  "computation_time_sec": 53.3,
  "gap_statistics": {
    "count": 52,
    "mean": 161548.25,
    "median": 3094,
    "max": 1917076,
    "min": 1
  },
  "relative_gap_stats": {
    "mean": 0.36250602903805923,
    "median": 0.33295063145809417,
    "max": 1.0,
    "min": 0.04135634802418295
  },
  "odd_ratio": 0.9423076923076923,
  "mod4_frequency": {
    "1": 0.25,
    "2": 0.057692307692307696,
    "3": 0.6923076923076923
  },
  "mod_analysis_entropy": {
    "2": {
      "entropy": 0.3860189005698934,
      "max_entropy": 1.0,
      "entropy_ratio": 0.3860189005698934,
      "most_common_3": [
        [
          1,
          49
        ],
        [
          0,
          4
        ]
      ]
    },
    "3": {
      "entropy": 1.089830803613254,
      "max_entropy": 1.584962500721156,
      "entropy_ratio": 0.6876066803582939,
      "most_common_3": [
        [
          0,
          31
        ],
        [
          1,
          21
        ],
        [
          2,
          1
        ]
      ]
    },
    "4": {
      "entropy": 1.1576748623413606,
      "max_entropy": 2.0,
      "entropy_ratio": 0.5788374311706803,
      "most_common_3": [
        [
          3,
          36
        ],
        [
          1,
          13
        ],
        [
          2,
          4
        ]
      ]
    },
    "6": {
      "entropy": 1.3581187338437586,
      "max_entropy": 2.584962500721156,
      "entropy_ratio": 0.5253920447452792,
      "most_common_3": [
        [
          3,
          28
        ],
        [
          1,
          21
        ],
        [
          0,
          3
        ]
      ]
    },
    "8": {
      "entropy": 1.7842033997098283,
      "max_entropy": 3.0,
      "entropy_ratio": 0.5947344665699428,
      "most_common_3": [
        [
          7,
          27
        ],
        [
          1,
          13
        ],
        [
          3,
          9
        ]
      ]
    },
    "12": {
      "entropy": 2.117984388908093,
      "max_entropy": 3.584962500721156,
      "entropy_ratio": 0.5907968042851317,
      "most_common_3": [
        [
          3,
          22
        ],
        [
          7,
          14
        ],
        [
          1,
          7
        ]
      ]
    },
    "16": {
      "entropy": 2.565711447132657,
      "max_entropy": 4.0,
      "entropy_ratio": 0.6414278617831642,
      "most_common_3": [
        [
          15,
          15
        ],
        [
          7,
          12
        ],
        [
          9,
          10
        ]
      ]
    },
    "24": {
      "entropy": 2.700832664828953,
      "max_entropy": 4.584962500721156,
      "entropy_ratio": 0.5890631961339152,
      "most_common_3": [
        [
          15,
          15
        ],
        [
          7,
          12
        ],
        [
          3,
          7
        ]
      ]
    },
    "32": {
      "entropy": 3.0962285721060137,
      "max_entropy": 5.0,
      "entropy_ratio": 0.6192457144212027,
      "most_common_3": [
        [
          7,
          12
        ],
        [
          31,
          11
        ],
        [
          9,
          8
        ]
      ]
    },
    "48": {
      "entropy": 3.470530542554825,
      "max_entropy": 5.584962500721156,
      "entropy_ratio": 0.6214062390045939,
      "most_common_3": [
        [
          15,
          8
        ],
        [
          39,
          7
        ],
        [
          31,
          7
        ]
      ]
    },
    "64": {
      "entropy": 3.721227834588843,
      "max_entropy": 6.0,
      "entropy_ratio": 0.6202046390981405,
      "most_common_3": [
        [
          63,
          10
        ],
        [
          39,
          7
        ],
        [
          27,
          6
        ]
      ]
    },
    "96": {
      "entropy": 3.909907079871862,
      "max_entropy": 6.584962500721156,
      "entropy_ratio": 0.5937629985658485,
      "most_common_3": [
        [
          39,
          7
        ],
        [
          63,
          6
        ],
        [
          7,
          5
        ]
      ]
    }
  },
  "v2_distribution": {
    "0": 49,
    "1": 4
  },
  "trailing_bits_analysis": {
    "2": {
      "odd_ratio": 0.9411764705882353,
      "top_3_odd": [
        [
          3,
          35
        ],
        [
          1,
          13
        ]
      ],
      "top_3_even": [
        [
          2,
          3
        ]
      ]
    },
    "3": {
      "odd_ratio": 0.9591836734693877,
      "top_3_odd": [
        [
          7,
          26
        ],
        [
          1,
          13
        ],
        [
          3,
          8
        ]
      ],
      "top_3_even": [
        [
          2,
          1
        ],
        [
          6,
          1
        ]
      ]
    },
    "4": {
      "odd_ratio": 0.9583333333333334,
      "top_3_odd": [
        [
          15,
          15
        ],
        [
          7,
          11
        ],
        [
          9,
          9
        ]
      ],
      "top_3_even": [
        [
          2,
          1
        ],
        [
          6,
          1
        ]
      ]
    },
    "5": {
      "odd_ratio": 0.9777777777777777,
      "top_3_odd": [
        [
          7,
          11
        ],
        [
          31,
          11
        ],
        [
          9,
          7
        ]
      ],
      "top_3_even": [
        [
          22,
          1
        ]
      ]
    },
    "6": {
      "odd_ratio": 1.0,
      "top_3_odd": [
        [
          63,
          10
        ],
        [
          39,
          7
        ],
        [
          27,
          5
        ]
      ],
      "top_3_even": []
    },
    "7": {
      "odd_ratio": 1.0,
      "top_3_odd": [
        [
          103,
          6
        ],
        [
          127,
          6
        ],
        [
          71,
          4
        ]
      ],
      "top_3_even": []
    },
    "8": {
      "odd_ratio": 1.0,
      "top_3_odd": [
        [
          191,
          4
        ],
        [
          137,
          3
        ],
        [
          103,
          3
        ]
      ],
      "top_3_even": []
    }
  },
  "DN_growth": {
    "DN_values": {
      "10": 5,
      "100": 11,
      "1000": 19,
      "10000": 25,
      "100000": 34,
      "1000000": 43,
      "10000000": 53
    },
    "best_alpha_cv": [
      1.2,
      {
        "ratios": [
          [
            100,
            1.759940007513233
          ],
          [
            1000,
            1.8687416659734613
          ],
          [
            10000,
            1.7410417783045795
          ],
          [
            100000,
            1.811574026729478
          ],
          [
            1000000,
            1.8408912297007836
          ],
          [
            10000000,
            1.885816343052449
          ]
        ],
        "mean": 1.8180008418789975,
        "std": 0.053280085695454164,
        "cv": 0.029306964258820945
      }
    ],
    "alpha_cv_table": {
      "1.0": 0.1017,
      "1.2": 0.0293,
      "1.4": 0.0756,
      "1.5": 0.1184,
      "1.6": 0.1628,
      "1.7": 0.2081,
      "1.8": 0.2542,
      "2.0": 0.3478,
      "2.2": 0.4429,
      "2.4": 0.5387
    }
  },
  "decade_density": [
    {
      "decade": 1,
      "count": 6,
      "density_per_log10": 2.6057668914195107
    },
    {
      "decade": 2,
      "count": 8,
      "density_per_log10": 3.474355855226014
    },
    {
      "decade": 3,
      "count": 6,
      "density_per_log10": 2.6057668914195107
    },
    {
      "decade": 4,
      "count": 9,
      "density_per_log10": 3.908650337129266
    },
    {
      "decade": 5,
      "count": 9,
      "density_per_log10": 3.908650337129266
    },
    {
      "decade": 6,
      "count": 10,
      "density_per_log10": 4.3429448190325175
    },
    {
      "decade": 7,
      "count": 0,
      "density_per_log10": 0.0
    }
  ],