{
  "1step": {
    "stats": {
      "mean": -0.415652612,
      "var": 2.0046083174,
      "std": 1.4158419112,
      "skewness": -2.122012142,
      "kurtosis": 6.4839048481
    },
    "ks_statistic": 0.2601722456,
    "histogram_comparison": {
      "kl_divergence": 2.4691426882,
      "total_variation": 0.8975170825,
      "max_bin_deviation": 0.4747105674
    },
    "v2_stats": {
      "mean": 2.000616,
      "var": 2.0046076205,
      "std": 1.4158416651,
      "skewness": 2.1220127719,
      "kurtosis": 6.4839082819
    },
    "theoretical_mean": -0.4150374993,
    "theoretical_v2_mean": 2.0,
    "theoretical_v2_var": 2.0
  },
  "2step_direct": {
    "t2_increment_stats": {
      "mean": -0.8341932089,
      "var": 4.0167413849,
      "std": 2.0041809761,
      "skewness": -1.5113623823,
      "kurtosis": 3.3531304385
    },
    "theoretical_mean_indep": -0.8300749986,
    "mean_deviation_from_theory": -0.0041182103,
    "var_1step_empirical": 2.0070955804,
    "var_2step_empirical": 4.0167413849,
    "var_ratio_2step_to_2x1step": 1.0006353021,
    "v2_sum_stats": {
      "mean": 4.0041233333,
      "var": 4.0168063315,
      "std": 2.0041971788,
      "skewness": 1.5114536755,
      "kurtosis": 3.3540464801
    },
    "ks_statistic": 0.1910885859,
    "kl_divergence": 2.035182325,
    "total_variation": 0.8548571546
  },
  "step_correlation": {
    "correlation_inc1_inc2": 0.0009873198,
    "n_samples": 200000,
    "inc1_stats": {
      "mean": -0.4126512977,
      "var": 1.9882571693,
      "std": 1.4100557327,
      "skewness": -2.1243645825,
      "kurtosis": 6.5534653078
    },
    "inc2_stats": {
      "mean": -0.4196876467,
      "var": 2.0267234926,
      "std": 1.4236303919,
      "skewness": -2.1311385141,
      "kurtosis": 6.4596323296
    },
    "conditional_inc2_given_inc1": {
      "Q1": {
        "mean": -0.4216396334,
        "var": 2.0363363354,
        "std": 1.4270025702,
        "skewness": -2.1378716297,
        "kurtosis": 6.4694761864
      },
      "Q2": {
        "mean": -0.4275567948,
        "var": 2.050923255,
        "std": 1.4321044847,
        "skewness": -2.1337674526,
        "kurtosis": 6.5126424439
      },
      "Q3": {
        "mean": -0.4127773023,
        "var": 1.9973751976,
        "std": 1.4132852499,
        "skewness": -2.1042066438,
        "kurtosis": 6.2100937059
      },
      "Q4": {
        "mean": -0.4167768564,
        "var": 2.0221372233,
        "std": 1.4220187141,
        "skewness": -2.1475321913,
        "kurtosis": 6.6333858312
      }
    }
  },
  "v2_conditional": {
    "1": {
      "count": 150500,
      "mean_v2_next": 2.0014684385,
      "var_v2_next": 1.98356595,
      "distribution": {
        "1": 0.498551495,
        "2": 0.25089701,
        "3": 0.1244717608,
        "4": 0.0637342193,
        "5": 0.0314285714,
        "6": 0.0156744186,
        "7": 0.0076478405,
        "8": 0.0037541528,
        "9": 0.0019734219,
        "10": 0.0010166113
      }
    },
    "2": {
      "count": 75066,
      "mean_v2_next": 2.0054751818,
      "var_v2_next": 2.0021947313,
      "distribution": {
        "1": 0.4982015826,
        "2": 0.2493139371,
        "3": 0.1262089361,
        "4": 0.0630511816,
        "5": 0.0321850105,
        "6": 0.0154131031,
        "7": 0.0079796446,
        "8": 0.0040630911,
        "9": 0.0018383822,
        "10": 0.0009591559
      }
    },
    "3": {
      "count": 37401,
      "mean_v2_next": 2.0045720703,
      "var_v2_next": 2.0234276671,
      "distribution": {
        "1": 0.5009224352,
        "2": 0.2477473864,
        "3": 0.1260928852,
        "4": 0.0606935643,
        "5": 0.0320847036,
        "6": 0.0162562498,
        "7": 0.0076468544,
        "8": 0.0046255448,
        "9": 0.0021389802,
        "10": 0.0010694901
      }
    },
    "4": {
      "count": 18510,
      "mean_v2_next": 1.9990275527,
      "var_v2_next": 1.9105339004,
      "distribution": {
        "1": 0.4923284711,
        "2": 0.25634792,
        "3": 0.1290653701,
        "4": 0.0612101567,
        "5": 0.0316585629,
        "6": 0.0145867099,
        "7": 0.0076175041,
        "8": 0.0038357645,
        "9": 0.0022150189,
        "10": 0.0007023231
      }
    },
    "5": {
      "count": 9320,
      "mean_v2_next": 1.975,
      "var_v2_next": 1.922014485,
      "distribution": {
        "1": 0.5067596567,
        "2": 0.2504291845,
        "3": 0.1222103004,
        "4": 0.0607296137,
        "5": 0.0296137339,
        "6": 0.014806867,
        "7": 0.0090128755,
        "8": 0.0026824034,
        "9": 0.0021459227,
        "10": 0.0010729614
      }
    },
    "6": {
      "count": 4574,
      "mean_v2_next": 2.0415391342,
      "var_v2_next": 2.093158628,
      "distribution": {
        "1": 0.4855706165,
        "2": 0.2527328378,
        "3": 0.1298644512,
        "4": 0.0671184958,
        "5": 0.0323567993,
        "6": 0.0144293835,
        "7": 0.0091823349,
        "8": 0.0039352864,
        "9": 0.0019676432,
        "10": 0.0015303892
      }
    },
    "7": {
      "count": 2270,
      "mean_v2_next": 2.0273127753,
      "var_v2_next": 2.1825139242,
      "distribution": {
        "1": 0.5044052863,
        "2": 0.2396475771,
        "3": 0.1251101322,
        "4": 0.0599118943,
        "5": 0.0343612335,
        "6": 0.0193832599,
        "7": 0.0066079295,
        "8": 0.0052863436,
        "9": 0.0035242291,
        "10": 0.0008810573
      }
    },
    "8": {
      "count": 1176,
      "mean_v2_next": 1.9464285714,
      "var_v2_next": 2.0881164966,
      "distribution": {
        "1": 0.537414966,
        "2": 0.2261904762,
        "3": 0.1147959184,
        "4": 0.0637755102,
        "5": 0.0280612245,
        "6": 0.0136054422,
        "7": 0.0068027211,
        "8": 0.0042517007,
        "9": 0.0017006803,
        "10": 0.0025510204
      }
    },
    "9": {
      "count": 577,
      "mean_v2_next": 2.0883882149,
      "var_v2_next": 2.1187039879,
      "distribution": {
        "1": 0.4696707106,
        "2": 0.259965338,
        "3": 0.1282495667,
        "4": 0.0606585789,
        "5": 0.0467937608,
        "6": 0.0190641248,
        "7": 0.0086655113,
        "8": 0.0017331023,
        "9": 0.0034662045,
        "10": 0.0017331023
      }
    },
    "10": {
      "count": 296,
      "mean_v2_next": 1.9425675676,
      "var_v2_next": 1.4933231373,
      "distribution": {
        "1": 0.4898648649,
        "2": 0.2601351351,
        "3": 0.1418918919,
        "4": 0.0574324324,
        "5": 0.0337837838,
        "6": 0.0101351351,
        "7": 0.0067567568
      }
    },
    "11": {
      "count": 144,
      "mean_v2_next": 1.9375,
      "var_v2_next": 2.3502604167,
      "distribution": {
        "1": 0.5486111111,
        "2": 0.2430555556,
        "3": 0.0763888889,
        "4": 0.0694444444,
        "5": 0.0277777778,
        "6": 0.0208333333,
        "7": 0.0069444444,
        "12": 0.0069444444
      }
    },
    "12": {
      "count": 85,
      "mean_v2_next": 1.9411764706,
      "var_v2_next": 1.8906574394,
      "distribution": {
        "1": 0.5176470588,
        "2": 0.2705882353,
        "3": 0.0941176471,
        "4": 0.0470588235,
        "5": 0.0352941176,
        "6": 0.0117647059,
        "7": 0.0235294118
      }
    }
  },
  "clt_convergence": [
    {
      "k": 1,
      "n_samples": 79998,
      "mean": -0.4159825675,
      "expected_mean": -0.4150374993,
      "var": 1.9908990986,
      "std": 1.410992239,
      "skewness": -2.0803751508,
      "kurtosis": 6.0622738355,
      "ks_statistic": 0.2613841528,
      "kl_divergence": 2.2856993993,
      "total_variation": 0.8774380742
    },
    {
      "k": 2,
      "n_samples": 79996,
      "mean": -0.8408019336,
      "expected_mean": -0.8300749986,
      "var": 4.0496624032,
      "std": 2.0123773014,
      "skewness": -1.486821934,
      "kurtosis": 3.0791618174,
      "ks_statistic": 0.1911435703,
      "kl_divergence": 1.7888092751,