{
  "1step_structure": {
    "overall_stats": {
      "mean": -0.4132754992,
      "var": 1.9979788954,
      "std": 1.4134988134,
      "skewness": -2.1242649541,
      "kurtosis": 6.5534876691
    },
    "distribution_support": {
      "upper_bound": 0.5849625007,
      "description": "log2(T/n) <= log2(3) - 1 \u2248 0.585 (v2=1 case)"
    },
    "v2_conditioned": {
      "1": {
        "count": 250588,
        "fraction": 0.501176,
        "theoretical_center": 0.5849625007,
        "actual_mean": 0.5849625008,
        "deviation_from_center": 1e-10,
        "variance_within_v2": 0.0
      },
      "2": {
        "count": 124536,
        "fraction": 0.249072,
        "theoretical_center": -0.4150374993,
        "actual_mean": -0.4150374992,
        "deviation_from_center": 1e-10,
        "variance_within_v2": 0.0
      },
      "3": {
        "count": 62295,
        "fraction": 0.12459,
        "theoretical_center": -1.4150374993,
        "actual_mean": -1.4150374992,
        "deviation_from_center": 1e-10,
        "variance_within_v2": 0.0
      },
      "4": {
        "count": 31398,
        "fraction": 0.062796,
        "theoretical_center": -2.4150374993,
        "actual_mean": -2.4150374992,
        "deviation_from_center": 1e-10,
        "variance_within_v2": 0.0
      },
      "5": {
        "count": 15613,
        "fraction": 0.031226,
        "theoretical_center": -3.4150374993,
        "actual_mean": -3.4150374992,
        "deviation_from_center": 1e-10,
        "variance_within_v2": 0.0
      },
      "6": {
        "count": 7814,
        "fraction": 0.015628,
        "theoretical_center": -4.4150374993,
        "actual_mean": -4.4150374992,
        "deviation_from_center": 1e-10,
        "variance_within_v2": 0.0
      },
      "7": {
        "count": 3903,
        "fraction": 0.007806,
        "theoretical_center": -5.4150374993,
        "actual_mean": -5.4150374992,
        "deviation_from_center": 1e-10,
        "variance_within_v2": 0.0
      },
      "8": {
        "count": 1956,
        "fraction": 0.003912,
        "theoretical_center": -6.4150374993,
        "actual_mean": -6.4150374992,
        "deviation_from_center": 1e-10,
        "variance_within_v2": 0.0
      },
      "9": {
        "count": 923,
        "fraction": 0.001846,
        "theoretical_center": -7.4150374993,
        "actual_mean": -7.4150374992,
        "deviation_from_center": 1e-10,
        "variance_within_v2": 0.0
      },
      "10": {
        "count": 486,
        "fraction": 0.000972,
        "theoretical_center": -8.4150374993,
        "actual_mean": -8.4150374992,
        "deviation_from_center": 1e-10,
        "variance_within_v2": 0.0
      },
      "11": {
        "count": 240,
        "fraction": 0.00048,
        "theoretical_center": -9.4150374993,
        "actual_mean": -9.4150374992,
        "deviation_from_center": 1e-10,
        "variance_within_v2": 0.0
      },
      "12": {
        "count": 109,
        "fraction": 0.000218,
        "theoretical_center": -10.4150374993,
        "actual_mean": -10.4150374992,
        "deviation_from_center": 1e-10,
        "variance_within_v2": 0.0
      },
      "13": {
        "count": 63,
        "fraction": 0.000126,
        "theoretical_center": -11.4150374993,
        "actual_mean": -11.4150374992,
        "deviation_from_center": 1e-10,
        "variance_within_v2": 0.0
      },
      "14": {
        "count": 39,
        "fraction": 7.8e-05,
        "theoretical_center": -12.4150374993,
        "actual_mean": -12.4150374992,
        "deviation_from_center": 1e-10,
        "variance_within_v2": 0.0
      },
      "15": {
        "count": 21,
        "fraction": 4.2e-05,
        "theoretical_center": -13.4150374993,
        "actual_mean": -13.4150374992,
        "deviation_from_center": 1e-10,
        "variance_within_v2": 0.0
      }
    },
    "variance_decomposition": {
      "total_variance": 1.9979788954,
      "between_v2_groups": 1.9979788954,
      "within_v2_groups": 0.0,
      "between_fraction": 1.0
    }
  },
  "clt_mechanism": {
    "1": {
      "stats": {
        "mean": -0.4121624992,
        "var": 1.9875567344,
        "std": 1.4098073395,
        "skewness": -2.1192130497,
        "kurtosis": 6.4626893658
      },
      "n_modes_in_v2_sum": 17,
      "top_5_modes_weight": 0.96875,
      "v2_sum_distribution": {
        "1": 0.49982,
        "2": 0.25162,
        "3": 0.12432,
        "4": 0.061885,
        "5": 0.031105,
        "6": 0.01587,
        "7": 0.00786,
        "8": 0.00373,
        "9": 0.0019,
        "10": 0.00095,
        "11": 0.000445,
        "12": 0.00022,
        "13": 0.00012,
        "14": 9.5e-05,
        "15": 3e-05
      },
      "v2_sum_mean": 1.997125,
      "v2_sum_var": 1.9875567344,
      "expected_v2_sum_mean": 2,
      "expected_v2_sum_var": 2
    },
    "2": {
      "stats": {
        "mean": -0.8375449976,
        "var": 4.0334141832,
        "std": 2.0083361728,
        "skewness": -1.5109565557,
        "kurtosis": 3.3606124898
      },
      "n_modes_in_v2_sum": 23,
      "top_5_modes_weight": 0.89,
      "v2_sum_distribution": {
        "2": 0.24976,
        "3": 0.248375,
        "4": 0.188135,
        "5": 0.125195,
        "6": 0.078535,
        "7": 0.046885,
        "8": 0.02734,
        "9": 0.01581,
        "10": 0.008875,
        "11": 0.00509,
        "12": 0.002695,
        "13": 0.001585,
        "14": 0.00077,
        "15": 0.00041,
        "16": 0.000265
      },
      "v2_sum_mean": 4.00747,
      "v2_sum_var": 4.0334141991,
      "expected_v2_sum_mean": 4,
      "expected_v2_sum_var": 4
    },
    "3": {
      "stats": {
        "mean": -1.236997469,
        "var": 6.0006778681,
        "std": 2.4496281081,
        "skewness": -1.2305938882,
        "kurtosis": 2.1723036699
      },
      "n_modes_in_v2_sum": 24,
      "top_5_modes_weight": 0.774895,
      "v2_sum_distribution": {
        "3": 0.12594,
        "4": 0.18788,
        "5": 0.187665,
        "6": 0.15668,
        "7": 0.11673,
        "8": 0.081805,
        "9": 0.054,
        "10": 0.034385,
        "11": 0.02182,
        "12": 0.013605,
        "13": 0.00803,
        "14": 0.00508,
        "15": 0.002665,
        "16": 0.001745,
        "17": 0.000855
      },
      "v2_sum_mean": 5.991885,
      "v2_sum_var": 6.0006791468,
      "expected_v2_sum_mean": 6,
      "expected_v2_sum_var": 6
    },
    "5": {
      "stats": {
        "mean": -2.0755124229,
        "var": 9.9711022761,
        "std": 3.1577052231,
        "skewness": -0.9441782136,
        "kurtosis": 1.2735765176
      },
      "n_modes_in_v2_sum": 29,
      "top_5_modes_weight": 0.615995,
      "v2_sum_distribution": {
        "5": 0.030905,
        "6": 0.078145,
        "7": 0.11734,
        "8": 0.13622,
        "9": 0.13721,
        "10": 0.12399,
        "11": 0.101235,
        "12": 0.080525,
        "13": 0.061065,
        "14": 0.043925,
        "15": 0.030715,
        "16": 0.02053,
        "17": 0.01386,
        "18": 0.00902,
        "19": 0.00586
      },
      "v2_sum_mean": 10.000325,
      "v2_sum_var": 9.9711048944,
      "expected_v2_sum_mean": 10,
      "expected_v2_sum_var": 10
    },
    "10": {
      "stats": {
        "mean": -4.1552181128,
        "var": 20.045377959,
        "std": 4.4772064906,
        "skewness": -0.6662552697,
        "kurtosis": 0.6174372033
      },
      "n_modes_in_v2_sum": 40,
      "top_5_modes_weight": 0.441225,
      "v2_sum_distribution": {
        "10": 0.0011,
        "11": 0.00479,
        "12": 0.01371,
        "13": 0.026575,
        "14": 0.04339,
        "15": 0.06155,
        "16": 0.0766,
        "17": 0.08691,
        "18": 0.091605,
        "19": 0.092505,
        "20": 0.088665,
        "21": 0.08154,
        "22": 0.068995,
        "23": 0.058915,
        "24": 0.048545
      },
      "v2_sum_mean": 20.00486,
      "v2_sum_var": 20.0462363804,
      "expected_v2_sum_mean": 20,
      "expected_v2_sum_var": 20
    },