{
  "title": "v2\u5217\u30a8\u30f3\u30c8\u30ed\u30d4\u30fc\u7387\u306e\u8ecc\u9053\u5185\u4f4d\u7f6e\u4f9d\u5b58\u6027\u5206\u6790",
  "key_finding": "h(k)\u306e\u6e1b\u5c11\u306f\u4e3b\u306b\u8ecc\u9053\u7d42\u7aef\u52b9\u679c\u3002\u5148\u982d\u90e8\u5206\u3067\u306f\u30a8\u30f3\u30c8\u30ed\u30d4\u30fc\u304c\u9ad8\u3044",
  "front_20_markov": {
    "order_0": 1.8151346021695824,
    "order_1": 1.8103251145636772,
    "order_2": 1.7992810127100909,
    "order_3": 1.7705986780436005,
    "order_4": 1.7082726139385294
  },
  "full_orbit_markov": {
    "order_0": 1.8864971750634667,
    "order_1": 1.8363804535342638,
    "order_2": 1.7419898588983986,
    "order_3": 1.60579177529048
  },
  "best_estimate": {
    "h_entropy_rate": 1.7082726139385294,
    "gap_from_independent": 0.29172738606147064,
    "using": "front-20 steps, 4th-order Markov"
  }
}