{
  "title": "v2\u5217\u30d6\u30ed\u30c3\u30af\u30a8\u30f3\u30c8\u30ed\u30d4\u30fc\u7387\u306e\u53ce\u675f\u89e3\u6790",
  "data": {
    "mid_range": {
      "n_start": 3,
      "n_end": 99999,
      "n_symbols": 1754834,
      "n_orbits": 39503
    },
    "large_range": {
      "n_start": 3,
      "n_end": 499999,
      "n_symbols": 10428335,
      "n_orbits": 217305
    }
  },
  "block_entropy_mid": {
    "1": {
      "H_k": 1.9212518729216885,
      "H_per_k": 1.9212518729216885,
      "h_k": 1.9212518729216885,
      "gap": 0.07874812707831147,
      "n_distinct": 14
    },
    "2": {
      "H_k": 3.7953402723119525,
      "H_per_k": 1.8976701361559762,
      "h_k": 1.874088399390264,
      "gap": 0.10232986384402376,
      "n_distinct": 115
    },
    "3": {
      "H_k": 5.576525031165259,
      "H_per_k": 1.8588416770550864,
      "h_k": 1.7811847588533065,
      "gap": 0.1411583229449136,
      "n_distinct": 630
    },
    "4": {
      "H_k": 7.226421753908599,
      "H_per_k": 1.8066054384771497,
      "h_k": 1.6498967227433399,
      "gap": 0.19339456152285028,
      "n_distinct": 2466
    },
    "5": {
      "H_k": 8.636707336768424,
      "H_per_k": 1.7273414673536849,
      "h_k": 1.4102855828598253,
      "gap": 0.2726585326463151,
      "n_distinct": 7640
    },
    "6": {
      "H_k": 9.801327775962777,
      "H_per_k": 1.6335546293271295,
      "h_k": 1.164620439194353,
      "gap": 0.36644537067287053,
      "n_distinct": 19170
    },
    "7": {
      "H_k": 10.734834377323839,
      "H_per_k": 1.5335477681891199,
      "h_k": 0.9335066013610618,
      "gap": 0.46645223181088014,
      "n_distinct": 40288
    },
    "8": {
      "H_k": 11.4646793802424,
      "H_per_k": 1.4330849225303,
      "h_k": 0.7298450029185606,
      "gap": 0.5669150774697,
      "n_distinct": 72474
    },
    "9": {
      "H_k": 12.022838907648822,
      "H_per_k": 1.335870989738758,
      "h_k": 0.5581595274064224,
      "gap": 0.664129010261242,
      "n_distinct": 114011
    },
    "10": {
      "H_k": 12.461897315691685,
      "H_per_k": 1.2461897315691686,
      "h_k": 0.4390584080428628,
      "gap": 0.7538102684308314,
      "n_distinct": 161113
    },
    "11": {
      "H_k": 12.825962234585349,
      "H_per_k": 1.1659965667804864,
      "h_k": 0.3640649188936642,
      "gap": 0.8340034332195136,
      "n_distinct": 209960
    },
    "12": {
      "H_k": 13.146666591302102,
      "H_per_k": 1.0955555492751752,
      "h_k": 0.3207043567167531,
      "gap": 0.9044444507248248,
      "n_distinct": 258414
    },
    "13": {
      "H_k": 13.443407128692442,
      "H_per_k": 1.0341082406686495,
      "h_k": 0.29674053739034,
      "gap": 0.9658917593313505,
      "n_distinct": 305660
    },
    "14": {
      "H_k": 13.726838259886131,
      "H_per_k": 0.9804884471347236,
      "h_k": 0.283431131193689,
      "gap": 1.0195115528652763,
      "n_distinct": 351936
    },
    "15": {
      "H_k": 14.00093859678903,
      "H_per_k": 0.9333959064526021,
      "h_k": 0.27410033690289914,
      "gap": 1.066604093547398,
      "n_distinct": 397259
    },
    "16": {
      "H_k": 14.267789927331494,
      "H_per_k": 0.8917368704582184,
      "h_k": 0.26685133054246357,
      "gap": 1.1082631295417817,
      "n_distinct": 442006
    },
    "17": {
      "H_k": 14.52804310289662,
      "H_per_k": 0.8545907707586247,
      "h_k": 0.2602531755651256,
      "gap": 1.1454092292413753,
      "n_distinct": 486107
    },
    "18": {
      "H_k": 14.782319694047974,
      "H_per_k": 0.8212399830026652,
      "h_k": 0.2542765911513545,
      "gap": 1.1787600169973347,
      "n_distinct": 529717
    },
    "19": {
      "H_k": 15.031013679679843,
      "H_per_k": 0.7911059831410444,
      "h_k": 0.24869398563186884,
      "gap": 1.2088940168589555,
      "n_distinct": 572834
    },
    "20": {
      "H_k": 15.27430947869438,
      "H_per_k": 0.7637154739347191,
      "h_k": 0.2432957990145379,
      "gap": 1.236284526065281,
      "n_distinct": 615497
    }
  },
  "block_entropy_large": {
    "1": {
      "H_k": 1.9460993174023007,
      "H_per_k": 1.9460993174023007,
      "h_k": 1.9460993174023007,
      "gap": 0.05390068259769931
    },
    "2": {
      "H_k": 3.855886556340585,
      "H_per_k": 1.9279432781702925,
      "h_k": 1.9097872389382844,
      "gap": 0.07205672182970746
    },
    "3": {
      "H_k": 5.691703798706986,
      "H_per_k": 1.8972345995689954,
      "h_k": 1.8358172423664012,
      "gap": 0.10276540043100457
    },
    "4": {
      "H_k": 7.418467448338406,
      "H_per_k": 1.8546168620846015,
      "h_k": 1.7267636496314198,
      "gap": 0.14538313791539847
    },
    "5": {
      "H_k": 8.94458858996333,
      "H_per_k": 1.7889177179926659,
      "h_k": 1.5261211416249232,
      "gap": 0.21108228200733414
    },
    "6": {
      "H_k": 10.26137471361171,
      "H_per_k": 1.710229118935285,
      "h_k": 1.3167861236483809,
      "gap": 0.28977088106471505
    },
    "7": {
      "H_k": 11.371156480063483,
      "H_per_k": 1.6244509257233548,
      "h_k": 1.109781766451773,
      "gap": 0.3755490742766452
    },
    "8": {
      "H_k": 12.283790721458237,
      "H_per_k": 1.5354738401822796,
      "h_k": 0.9126342413947537,
      "gap": 0.4645261598177204
    },
    "9": {
      "H_k": 13.013293675267292,
      "H_per_k": 1.4459215194741435,
      "h_k": 0.7295029538090549,
      "gap": 0.5540784805258565
    },
    "10": {
      "H_k": 13.594855397431093,
      "H_per_k": 1.3594855397431094,
      "h_k": 0.5815617221638014,
      "gap": 0.6405144602568906
    },
    "11": {
      "H_k": 14.067075351376145,
      "H_per_k": 1.278825031943286,
      "h_k": 0.4722199539450518,
      "gap": 0.7211749680567141
    },
    "12": {
      "H_k": 14.46453761601279,
      "H_per_k": 1.2053781346677324,
      "h_k": 0.39746226463664414,
      "gap": 0.7946218653322676
    },
    "13": {
      "H_k": 14.815462075196479,
      "H_per_k": 1.1396509288612675,
      "h_k": 0.3509244591836893,
      "gap": 0.8603490711387325
    },
    "14": {
      "H_k": 15.139659452112955,
      "H_per_k": 1.0814042465794969,
      "h_k": 0.32419737691647654,
      "gap": 0.9185957534205031
    },
    "15": {
      "H_k": 15.447650600710178,
      "H_per_k": 1.0298433733806784,
      "h_k": 0.3079911485972229,
      "gap": 0.9701566266193216
    }
  },
  "markov_estimates": {
    "order_0_independent": 2.0,
    "order_1": 1.9091259532724725,
    "order_2": 1.8357489825798579
  },
  "theoretical_constants": {
    "H_independent": 2.0,
    "log2_4_over_3": 0.41503749927884376,
    "log2_e_times_2": 2.8853900817779268
  }
}