{
  "title": "v2\u5217\u30a8\u30f3\u30c8\u30ed\u30d4\u30fc\u7387\u306e\u53ce\u675f\u5148\u7279\u5b9a",
  "entropy_rate_estimates": {
    "independent_theory": 2.0,
    "H1_observed": 1.5859207368187367,
    "markov_order_1": 1.559748909133136,
    "markov_order_2": 1.4935182785661938,
    "markov_order_3": 1.3285379643320399,
    "best_estimate": 1.3285379643320399,
    "uncertainty": 0.01
  },
  "gap_decomposition": {
    "distribution_shift": 0.4140792631812633,
    "order_1_correlation": 0.026171827685600668,
    "order_2_correlation": 0.06623063056694223,
    "order_3_correlation": 0.16498031423415394,
    "total_gap": 0.6714620356679601
  },
  "markov_convergence": {
    "d1": 0.026171827685600668,
    "d2": 0.06623063056694223,
    "d3": 0.16498031423415394,
    "d2_over_d1": 2.530607772699852,
    "d3_over_d2": 2.490997183960087
  },
  "block_entropy_rates": {
    "1": 1.5859207368187367,
    "2": 1.57462488518214,
    "3": 1.548637147806754,
    "4": 1.5027268706317265,
    "5": 1.4312309099533553,
    "6": 1.3427830858622898,
    "7": 1.2458230081332344,
    "8": 1.144167488308448,
    "9": 1.0484254475271892,
    "10": 0.9606985485391402,
    "11": 0.8817799514589477,
    "12": 0.8123954840784137,
    "13": 0.7513520151709557,
    "14": 0.6981550927725116,
    "15": 0.6516550684870518
  },
  "conditional_entropy": {
    "1": 1.5859207368187367,
    "2": 1.5633290335455434,
    "3": 1.496661673055982,
    "4": 1.3649960391066438,
    "5": 1.145247067239871,
    "6": 0.9005439654069622,
    "7": 0.6640625417589021,
    "8": 0.4325788495349432,
    "9": 0.2824891212771181,
    "10": 0.17115645764669907,
    "11": 0.09259398065702307,
    "12": 0.04916634289253885,
    "13": 0.018830388281461552,
    "14": 0.0065951015927385725,
    "15": 0.0006547284906126549
  },
  "comparison_with_htop": {
    "log2_4_over_3": 0.41503749927884376,
    "gap_total": 0.6714620356679601,
    "gap_vs_htop": 1.6178346217743498
  },
  "data_stats": {
    "n_long_orbits_200": 6,
    "n_very_long_orbits_1000": 0,
    "total_symbols": 1200
  }
}