{
  "title": "v2\u5217\u30d6\u30ed\u30c3\u30af\u30a8\u30f3\u30c8\u30ed\u30d4\u30fc\u7387\u306e\u53ce\u675f\u5148\u7279\u5b9a",
  "data_stats": {
    "n_orbits": 217305,
    "total_symbols": 10428335,
    "n_range": "3..500000"
  },
  "marginal_distribution": {
    "H1_observed": 1.9460993174023007,
    "H1_theoretical": 2.0,
    "gap_distribution": 0.05390068259769931,
    "v2_frequencies": {
      "1": 0.5080484084947405,
      "2": 0.24004407223204854,
      "3": 0.121803144989109,
      "4": 0.08312381602624004,
      "5": 0.028044457720240095,
      "6": 0.010306630924303832,
      "7": 0.0048174516833224094,
      "8": 0.0017853281468230547,
      "9": 0.0008645675460176529,
      "10": 0.000938117158683529,
      "11": 0.00012341375684613124,
      "12": 6.09876840358504e-05
    }
  },
  "markov_estimates": {
    "order_0": 1.9460993174023007,
    "order_1": 1.9083172778773418,
    "order_2": 1.8290481720586014,
    "order_3": 1.706955508014725,
    "order_4": 1.4820531536247616,
    "order_5": 1.2381645389876534
  },
  "markov_differences": {
    "d1": 0.037782039524958844,
    "d2": 0.07926910581874047,
    "d3": 0.12209266404387642,
    "d4": 0.2249023543899633,
    "d5": 0.2438886146371082
  },
  "block_entropy_rates": {
    "1": 1.9460993174023007,
    "2": 1.9048577476824318,
    "3": 1.8540551950553608,
    "4": 1.803611141349737,
    "5": 1.7342728555769749,
    "6": 1.6501811324056608,
    "7": 1.5571519079234701,
    "8": 1.458495271233178,
    "9": 1.3571797274458148,
    "10": 1.2578154634770322,
    "11": 1.1641663746405262,
    "12": 1.078903773028092,
    "13": 1.0028100687931685,
    "14": 0.9356164285403723,
    "15": 0.8766591276664566
  },
  "conditional_entropy": {
    "1": 1.9460993174023007,
    "2": 1.8636161779625628,
    "3": 1.7524500898012185,
    "4": 1.6522789802328663,
    "5": 1.4569197124859263,
    "6": 1.2297225165490904,
    "7": 0.9989765610303252,
    "8": 0.7678988144011338,
    "9": 0.5466553771469087,
    "10": 0.36353708775798843,
    "11": 0.22767548627546752,
    "12": 0.14101515529131348,
    "13": 0.08968561797408903,
    "14": 0.062099105254020515,
    "15": 0.051256915431636685
  },
  "block_entropy_reliability": {
    "1": 613431.4705882353,
    "2": 72418.6524822695,
    "3": 12539.17816813049,
    "4": 2915.723232925738,
    "5": 864.139848128729,
    "6": 317.6730030264903,
    "7": 141.79715302491104,
    "8": 75.73119303496124,
    "9": 47.41166810340124,
    "10": 34.04246171896031,
    "11": 27.289837489752202,
    "12": 23.782131698541942,
    "13": 21.902174065247163,
    "14": 20.830351712537052,
    "15": 20.128643958325952
  },
  "best_estimate": {
    "h": 1.2381645389876534,
    "uncertainty": 0.2438886146371082,
    "gap_from_independent": 0.7618354610123466
  },
  "theoretical_constants": {
    "H_independent": 2.0,
    "log2_4_over_3": 0.41503749927884376,
    "log2_3": 1.584962500721156,
    "2_log2_3_over_2": 1.1699250014423124
  },
  "mutual_info_decay": {
    "data": [
      [
        1,
        0.03845962312807707
      ],
      [
        2,
        0.019688531137264403
      ],
      [
        3,
        0.03442000163588237
      ],
      [
        4,
        0.07294453031918419
      ],
      [
        5,
        0.035212275054963944
      ],
      [
        6,
        0.01623499704400606
      ],
      [
        7,
        0.03971265312220063
      ],
      [
        8,
        0.02794125608589813
      ],
      [
        9,
        0.019395233324381932
      ],
      [
        10,
        0.008131082624828609
      ],
      [
        11,
        0.032077101191497724
      ],
      [
        12,
        0.011858807700755586
      ],
      [
        13,
        0.01575635224547589
      ],
      [
        14,
        0.014787697153441585
      ],
      [
        15,
        0.0197871377117207
      ],
      [
        16,
        0.02138671783947313
      ],
      [
        17,
        0.024634991286101943
      ],
      [
        18,
        0.01532195338710971
      ],
      [
        19,
        0.028586126089767277
      ],
      [
        20,
        0.017777211126204666
      ]
    ]
  }
}